"","nLinks","nTags","nMenctions","anio","mes","dia","hora","diasemana","findesemana","horariolaboral","Nterminos","idioma","impresionesdiscret","sentiment","subject","topic","readability","algorithms","analytics","artificial","autonomo","big","coche","data","datos","deep","google","guide","inteligencia","intelligence","learning","machine","mining","new","open","phd","r","science","scientists","ser","solo","using"
"146",1,0,1,2016,7,12,6,"Tuesday",FALSE,FALSE,11,"english","6","neutral","subjective","News","advanced",0,0,0,0,0,0,0,0,0,0,0,0,0,0,0,0,0,0,0,0,0,0,0,0,0
"18",0,0,0,2016,3,24,12,"Thursday",FALSE,TRUE,11,"spanish","1","neutral","subjective","Science","advanced",0,0,0,0,0,0,0,0,0,0,0,0,0,0,0,0,0,0,0,0,0,0,0,0,0
"277",1,0,1,2016,12,7,7,"Wednesday",FALSE,FALSE,5,"english","1","neutral","subjective","Reference & Education","intermediate",0,0,0,0,0,0,0,0,0,0,0,0,0,0,0,0,0,0,1,0,0,0,0,0,0
"256",1,0,1,2016,11,9,6,"Wednesday",FALSE,FALSE,15,"spanish","6","neutral","subjective","Computers & Technology","advanced",0,0,0,0,1,0,1,0,0,0,0,0,0,0,0,0,0,0,0,0,0,0,0,0,0
"97",1,0,1,2016,6,14,16,"Tuesday",FALSE,TRUE,7,"english","2","neutral","subjective","Sports","basic",0,0,0,0,0,0,0,0,0,0,0,0,0,0,0,0,0,0,0,0,0,0,0,0,0
"116",1,0,0,2016,6,2,14,"Thursday",FALSE,TRUE,11,"spanish","1","neutral","subjective","Arts","advanced",0,0,0,0,0,0,0,0,0,0,0,0,0,0,0,0,0,0,0,0,0,0,0,0,0
"226",0,0,0,2016,10,6,21,"Thursday",FALSE,FALSE,5,"spanish","1","negative","subjective","Science","advanced",0,0,0,0,0,0,0,0,0,0,0,0,0,0,0,0,0,0,0,0,0,0,0,0,0
"129",1,0,1,2016,7,20,5,"Wednesday",FALSE,FALSE,9,"english","3","neutral","objective","Arts","basic",0,0,0,0,0,0,0,0,0,0,0,0,0,0,0,0,0,0,0,0,0,0,0,0,0
"239",1,0,0,2016,11,24,6,"Thursday",FALSE,FALSE,15,"spanish","5","neutral","subjective","News","intermediate",0,0,0,0,0,0,0,0,0,0,0,0,0,0,0,0,0,0,0,0,0,0,0,0,0
"209",1,0,1,2016,10,31,6,"Monday",FALSE,FALSE,8,"english","6","neutral","objective","Arts","basic",0,0,0,0,0,0,0,0,0,0,0,0,0,0,0,0,1,0,1,0,0,0,0,0,0
"336",1,0,1,2017,2,22,20,"Wednesday",FALSE,FALSE,9,"spanish","4","neutral","subjective","Science","intermediate",0,0,0,0,0,0,0,0,0,0,0,0,0,0,0,0,0,0,0,0,0,0,0,0,0
"269",1,0,0,2016,12,13,7,"Tuesday",FALSE,FALSE,18,"english","6","positive","objective","Recreation & Activities","intermediate",0,0,0,0,0,0,0,0,0,0,0,0,0,0,0,0,0,0,0,0,0,0,0,0,0
"278",0,0,1,2016,12,7,6,"Wednesday",FALSE,FALSE,10,"spanish","1","neutral","subjective","Arts","advanced",0,0,0,0,0,0,0,0,0,0,0,0,0,0,0,0,0,0,0,0,0,0,0,0,0
"353",1,0,1,2017,2,15,18,"Wednesday",FALSE,FALSE,5,"spanish","6","neutral","subjective","Science","advanced",0,0,0,0,0,0,0,0,0,0,0,0,0,0,0,0,0,0,0,0,0,0,0,0,0
"172",1,0,0,2016,8,4,10,"Thursday",FALSE,TRUE,19,"english","3","neutral","objective","Computers & Technology","intermediate",0,0,0,0,1,0,1,0,0,0,0,0,0,1,1,0,1,0,0,0,0,0,0,0,0
"222",1,0,1,2016,10,12,7,"Wednesday",FALSE,FALSE,11,"english","2","neutral","objective","Computers & Technology","advanced",0,0,0,0,0,0,0,0,0,0,0,0,0,1,1,0,0,0,0,0,0,0,0,0,0
"308",1,0,0,2017,1,24,20,"Tuesday",FALSE,FALSE,14,"english","5","neutral","subjective","Science","intermediate",0,0,0,0,0,0,2,0,0,0,0,0,0,0,0,1,0,0,0,0,0,1,0,0,0
"84",1,0,1,2016,6,22,16,"Wednesday",FALSE,TRUE,19,"spanish","1","neutral","subjective","Computers & Technology","advanced",0,0,0,0,0,0,0,0,0,0,0,0,0,0,0,0,0,0,0,0,0,0,0,0,0
"154",1,0,1,2016,7,6,6,"Wednesday",FALSE,FALSE,12,"spanish","4","neutral","subjective","Science","basic",0,0,0,0,1,0,1,0,0,0,0,0,0,0,0,0,0,0,0,0,0,0,0,0,0
"15",1,0,1,2016,2,1,21,"Monday",FALSE,FALSE,8,"spanish","3","neutral","subjective","Computers & Technology","basic",0,0,0,0,1,0,1,0,0,0,0,0,0,0,0,0,0,0,0,0,0,0,0,0,0
"260",1,0,1,2016,11,3,6,"Thursday",FALSE,FALSE,3,"spanish","6","negative","subjective","Computers & Technology","advanced",0,0,0,0,0,0,0,0,0,0,0,0,0,0,0,0,0,0,0,0,0,0,0,0,0
"355",1,0,1,2017,2,14,20,"Tuesday",FALSE,FALSE,18,"spanish","6","neutral","subjective","News","advanced",0,0,0,0,0,0,0,0,0,0,0,0,0,0,0,0,0,0,0,0,0,0,0,0,0
"79",1,0,1,2016,6,24,16,"Friday",TRUE,TRUE,5,"english","1","positive","objective","Computers & Technology","advanced",0,0,0,0,0,0,0,0,0,0,0,0,0,0,0,0,0,0,0,0,0,0,0,0,0
"244",1,0,0,2016,11,18,7,"Friday",TRUE,FALSE,13,"english","6","neutral","objective","Health","advanced",0,0,0,0,0,0,0,0,0,0,0,0,0,0,0,0,0,0,0,0,0,0,0,0,0
"339",1,1,1,2017,2,21,20,"Tuesday",FALSE,FALSE,12,"spanish","4","neutral","subjective","Arts","intermediate",0,0,0,0,0,0,0,0,0,0,0,0,0,0,0,0,0,0,0,0,0,0,0,0,0
"292",1,0,1,2017,1,31,21,"Tuesday",FALSE,FALSE,18,"english","4","negative","subjective","Computers & Technology","advanced",0,0,1,0,0,0,0,0,0,0,0,0,0,0,0,0,0,0,0,0,0,0,0,0,0
"26",1,0,1,2016,3,10,18,"Thursday",FALSE,FALSE,12,"spanish","4","neutral","subjective","Computers & Technology","intermediate",0,0,0,0,0,0,0,0,0,0,0,0,0,0,0,0,0,0,0,0,0,0,0,0,0
"142",1,0,0,2016,7,13,6,"Wednesday",FALSE,FALSE,5,"english","5","neutral","subjective","Reference & Education","intermediate",0,0,0,0,0,0,0,0,0,0,0,0,0,1,1,0,0,0,0,0,0,0,0,0,0
"148",1,0,1,2016,7,11,6,"Monday",FALSE,FALSE,17,"spanish","1","neutral","subjective","Computers & Technology","intermediate",0,0,0,0,0,0,0,1,0,0,0,0,0,0,0,0,0,0,0,1,0,0,0,0,0
"383",1,0,0,2017,2,3,19,"Friday",TRUE,FALSE,15,"english","5","neutral","objective","Science","intermediate",0,0,0,0,0,0,0,0,0,0,0,0,0,0,0,0,0,0,0,1,0,0,0,0,0
"153",1,0,1,2016,7,7,5,"Thursday",FALSE,FALSE,10,"english","5","neutral","objective","Computers & Technology","basic",0,0,0,0,0,0,1,0,0,0,0,0,0,0,0,0,0,1,0,0,0,0,0,0,0
"386",1,0,1,2017,2,2,18,"Thursday",FALSE,FALSE,8,"english","5","neutral","objective","Computers & Technology","advanced",0,0,0,0,0,0,1,0,0,0,0,0,0,0,0,0,0,0,0,0,0,0,0,0,0
"71",1,0,1,2016,6,29,16,"Wednesday",FALSE,TRUE,10,"spanish","2","positive","subjective","Computers & Technology","basic",0,0,0,0,0,0,0,0,0,0,0,0,0,0,0,0,0,0,0,0,0,0,0,0,0
"59",1,0,1,2016,5,20,17,"Friday",TRUE,TRUE,16,"spanish","6","neutral","subjective","Business & Economy","advanced",0,0,0,0,1,0,1,0,0,0,0,0,0,0,0,0,0,0,0,0,0,0,0,0,0
"187",1,0,1,2016,9,16,6,"Friday",TRUE,FALSE,10,"english","1","positive","subjective","Arts","basic",0,0,0,0,0,0,0,0,0,0,0,0,0,0,0,0,0,0,1,0,0,0,0,0,0
"326",1,1,0,2017,1,13,6,"Friday",TRUE,FALSE,18,"spanish","5","negative","subjective","Recreation & Activities","advanced",0,0,0,0,0,0,0,0,0,0,0,0,0,0,0,0,0,0,0,0,0,0,0,0,0
"74",1,0,0,2016,6,28,16,"Tuesday",FALSE,TRUE,16,"english","2","neutral","subjective","Business & Economy","advanced",0,0,0,0,0,0,0,0,0,0,0,0,0,0,0,0,0,0,0,0,0,0,0,0,0
"289",0,0,0,2016,12,1,11,"Thursday",FALSE,TRUE,22,"spanish","1","neutral","subjective","Computers & Technology","advanced",0,0,0,0,0,0,0,0,0,0,0,0,0,0,0,0,0,0,0,0,0,0,0,0,0
"8",0,0,0,2016,2,16,22,"Tuesday",FALSE,FALSE,22,"spanish","3","positive","subjective","Recreation & Activities","advanced",0,0,0,0,0,0,0,0,0,0,0,0,0,0,0,0,0,0,0,0,0,0,0,0,0
"356",1,1,1,2017,2,14,19,"Tuesday",FALSE,FALSE,12,"english","6","positive","objective","Computers & Technology","basic",0,0,0,0,0,0,0,0,0,0,0,0,0,0,0,0,0,0,0,2,0,0,0,0,1
"361",1,0,1,2017,2,10,21,"Friday",TRUE,FALSE,12,"spanish","5","neutral","subjective","Computers & Technology","intermediate",0,0,0,0,0,0,0,0,0,0,0,0,0,0,0,0,0,0,0,0,0,0,0,0,0
"155",1,0,0,2016,7,4,16,"Monday",FALSE,TRUE,15,"english","3","neutral","subjective","News","intermediate",0,0,0,0,0,0,0,0,0,0,0,0,0,0,0,0,0,0,0,0,0,0,0,0,0
"266",1,0,0,2016,12,30,19,"Friday",TRUE,FALSE,9,"spanish","6","neutral","subjective","Reference & Education","intermediate",0,0,0,0,0,0,0,0,0,0,0,0,0,0,0,0,0,0,0,0,0,0,0,0,0
"360",1,1,0,2017,2,13,17,"Monday",FALSE,TRUE,7,"spanish","6","neutral","subjective","Science","basic",0,0,0,0,0,0,0,0,0,0,0,0,0,0,0,0,0,0,0,0,0,0,0,0,0
"137",1,0,1,2016,7,15,5,"Friday",TRUE,FALSE,10,"english","4","neutral","objective","Science","basic",0,0,0,0,0,0,2,0,0,0,0,0,0,0,0,0,0,0,0,0,0,1,0,0,0
"81",1,0,1,2016,6,24,15,"Friday",TRUE,TRUE,17,"spanish","1","neutral","subjective","Arts","intermediate",0,0,0,0,0,0,0,0,0,0,0,0,0,0,0,0,0,0,0,0,0,0,0,0,0
"25",1,0,0,2016,3,11,18,"Friday",TRUE,FALSE,8,"spanish","3","neutral","subjective","Arts","basic",0,0,0,0,0,0,0,0,0,0,0,0,0,0,0,0,0,0,0,0,0,0,0,0,0
"315",1,0,1,2017,1,20,18,"Friday",TRUE,FALSE,7,"english","5","positive","objective","Computers & Technology","advanced",0,0,0,0,0,0,0,0,0,0,0,0,0,0,0,0,0,0,0,0,0,0,0,0,0
"265",0,0,0,2016,12,31,11,"Saturday",TRUE,FALSE,3,"spanish","1","negative","subjective","Science","advanced",0,0,0,0,0,0,0,0,0,0,0,0,0,0,0,0,0,0,0,0,0,0,0,0,0
"37",1,0,1,2016,4,14,20,"Thursday",FALSE,FALSE,11,"english","4","neutral","objective","News","basic",0,0,0,0,0,0,0,0,0,0,0,0,0,0,0,0,0,0,0,0,0,0,0,0,0
"28",1,0,0,2016,4,29,17,"Friday",TRUE,TRUE,19,"spanish","3","neutral","subjective","Computers & Technology","intermediate",0,0,0,0,1,0,1,0,0,0,0,0,0,0,0,0,0,0,0,0,0,0,0,0,0
"363",1,0,1,2017,2,10,17,"Friday",TRUE,TRUE,11,"english","5","positive","objective","Recreation & Activities","advanced",0,0,0,0,0,0,0,0,0,0,0,0,0,0,0,0,0,0,0,0,0,0,0,0,0
"231",1,0,0,2016,11,30,7,"Wednesday",FALSE,FALSE,9,"spanish","3","neutral","subjective","News","advanced",0,0,0,0,0,0,0,0,0,0,0,0,0,0,0,0,0,0,0,0,0,0,0,0,0
"249",1,0,0,2016,11,16,6,"Wednesday",FALSE,FALSE,16,"spanish","6","negative","subjective","Science","advanced",0,0,0,0,0,0,0,0,0,0,0,0,0,0,0,0,0,0,0,0,0,0,0,0,0
"351",1,0,1,2017,2,16,17,"Thursday",FALSE,TRUE,7,"english","5","positive","objective","Shopping","basic",0,0,0,0,0,0,0,0,2,0,0,0,0,1,0,0,0,0,0,0,0,0,0,0,0
"264",0,0,0,2016,12,31,11,"Saturday",TRUE,FALSE,3,"spanish","1","negative","subjective","Science","advanced",0,0,0,0,0,0,0,0,0,0,0,0,0,0,0,0,0,0,0,0,0,0,0,0,0
"228",1,1,1,2016,10,6,6,"Thursday",FALSE,FALSE,14,"spanish","6","neutral","subjective","Computers & Technology","advanced",0,0,0,0,1,0,1,1,0,0,0,0,0,0,0,0,0,0,0,0,0,0,0,0,0
"174",1,0,1,2016,8,3,10,"Wednesday",FALSE,TRUE,8,"english","3","positive","objective","Computers & Technology","advanced",1,0,0,0,0,0,0,0,0,0,0,0,0,0,0,0,0,0,0,0,0,0,0,0,0
"367",1,0,0,2017,2,9,20,"Thursday",FALSE,FALSE,8,"spanish","5","neutral","subjective","Science","advanced",0,0,0,0,0,0,0,0,0,0,0,0,0,0,0,0,0,0,0,0,0,0,0,0,0
"196",1,1,0,2016,9,8,6,"Thursday",FALSE,FALSE,8,"english","1","neutral","objective","Computers & Technology","advanced",0,0,0,0,0,0,1,0,0,0,0,0,0,0,0,0,0,0,0,1,0,0,0,0,0
"270",1,0,1,2016,12,13,6,"Tuesday",FALSE,FALSE,16,"spanish","6","positive","subjective","Sports","advanced",0,0,0,0,0,0,0,0,0,0,0,0,0,0,0,0,0,0,0,0,0,0,0,0,0
"268",1,1,0,2016,12,19,8,"Monday",FALSE,FALSE,8,"spanish","6","negative","subjective","Science","basic",0,0,0,0,0,0,0,0,0,0,0,0,0,0,0,0,0,0,0,0,0,0,0,0,0
"201",1,0,0,2016,9,6,5,"Tuesday",FALSE,FALSE,12,"english","4","neutral","subjective","Science","advanced",0,0,1,0,0,0,0,0,1,0,0,0,1,2,1,0,0,0,0,0,0,0,0,0,0
"352",1,1,0,2017,2,15,20,"Wednesday",FALSE,FALSE,5,"english","6","neutral","subjective","Reference & Education","intermediate",0,0,0,0,0,0,0,0,0,0,0,0,0,1,1,0,0,0,0,0,0,0,0,0,0
"276",1,0,0,2016,12,8,6,"Thursday",FALSE,FALSE,20,"spanish","3","neutral","subjective","Reference & Education","advanced",0,0,0,0,0,0,0,0,0,0,0,0,0,0,0,0,0,0,0,0,0,0,0,0,0
"234",1,0,0,2016,11,29,6,"Tuesday",FALSE,FALSE,15,"english","3","neutral","subjective","Shopping","intermediate",0,0,0,0,0,0,0,0,0,0,0,0,0,0,0,0,0,0,0,0,0,0,0,0,0
"7",1,0,0,2016,2,17,17,"Wednesday",FALSE,TRUE,9,"spanish","4","neutral","subjective","Home & Domestic Life","advanced",0,0,0,0,0,0,0,0,0,0,0,0,0,0,0,0,0,0,0,0,0,0,0,0,0
"99",1,1,0,2016,6,13,15,"Monday",FALSE,TRUE,17,"spanish","1","neutral","objective","Computers & Technology","intermediate",0,0,0,0,0,0,0,0,0,0,0,0,0,0,0,0,0,0,0,0,0,0,0,0,0
"286",1,0,1,2016,12,5,6,"Monday",FALSE,FALSE,10,"english","1","neutral","objective","Society","basic",0,0,0,0,0,0,0,0,0,0,0,0,0,0,0,0,0,0,0,0,0,0,0,0,0
"304",1,0,1,2017,1,25,21,"Wednesday",FALSE,FALSE,12,"english","5","neutral","subjective","News","advanced",0,0,1,0,0,0,0,0,0,0,0,0,1,0,0,0,0,0,0,0,0,0,0,0,0
"76",0,0,0,2016,6,27,16,"Monday",FALSE,TRUE,17,"spanish","3","positive","subjective","Recreation & Activities","advanced",0,0,0,0,0,0,0,0,0,0,0,0,0,0,0,0,0,0,0,0,0,0,0,0,0
"300",1,0,1,2017,1,27,17,"Friday",TRUE,TRUE,9,"spanish","6","neutral","subjective","Computers & Technology","basic",0,0,0,0,0,0,0,0,0,1,0,0,0,0,0,0,0,0,0,0,0,0,0,0,0
"181",1,1,0,2016,9,29,6,"Thursday",FALSE,FALSE,8,"spanish","2","negative","subjective","Sports","advanced",0,0,1,0,0,0,0,0,0,0,0,1,0,0,0,0,0,0,0,0,0,0,0,0,0
"380",1,0,1,2017,2,6,18,"Monday",FALSE,FALSE,13,"spanish","5","positive","subjective","Science","advanced",0,0,0,0,0,0,0,0,0,0,0,0,0,0,0,0,0,0,0,0,0,0,0,0,0
"261",1,0,0,2016,11,2,6,"Wednesday",FALSE,FALSE,6,"spanish","6","neutral","subjective","Arts","advanced",0,0,0,0,0,0,0,0,0,0,0,0,0,0,0,0,0,0,0,0,0,0,0,0,0
"89",1,0,1,2016,6,17,15,"Friday",TRUE,TRUE,16,"spanish","2","negative","subjective","Arts","intermediate",0,0,0,0,0,0,0,0,0,0,0,0,0,0,0,0,0,0,0,0,0,0,0,0,0
"372",1,0,0,2017,2,9,7,"Thursday",FALSE,FALSE,10,"spanish","5","neutral","subjective","Health","advanced",0,0,0,0,0,0,0,0,0,1,0,0,0,0,0,0,0,0,0,0,0,0,0,0,0
"359",1,0,1,2017,2,13,19,"Monday",FALSE,FALSE,19,"spanish","5","neutral","subjective","Arts","advanced",0,0,0,0,0,0,0,0,0,0,0,0,0,0,0,0,0,0,0,0,0,0,0,1,0
"211",1,0,1,2016,10,28,5,"Friday",TRUE,FALSE,8,"english","4","neutral","objective","Arts","basic",0,0,0,0,0,0,0,0,0,0,0,0,0,0,0,0,1,0,1,0,0,0,0,0,0
"320",1,0,1,2017,1,18,17,"Wednesday",FALSE,TRUE,11,"english","5","neutral","objective","News","basic",0,0,0,0,0,0,1,0,0,0,0,0,0,0,0,0,0,0,0,0,0,1,0,0,0
"214",1,0,1,2016,10,25,6,"Tuesday",FALSE,FALSE,12,"spanish","1","negative","subjective","Computers & Technology","basic",0,0,0,0,0,0,0,0,0,0,0,0,0,0,0,0,0,0,0,0,0,0,0,0,0
"241",1,0,1,2016,11,22,8,"Tuesday",FALSE,FALSE,13,"spanish","6","neutral","subjective","Science","advanced",0,0,0,0,0,0,0,0,0,0,0,0,0,0,0,0,0,0,0,0,0,0,0,0,0
"240",1,0,1,2016,11,23,6,"Wednesday",FALSE,FALSE,18,"spanish","5","neutral","subjective","Computers & Technology","advanced",0,0,0,1,0,1,0,0,0,1,0,0,0,0,0,0,0,0,0,0,0,0,0,0,0
"303",1,0,1,2017,1,26,17,"Thursday",FALSE,TRUE,7,"english","5","negative","objective","Computers & Technology","advanced",0,0,1,0,0,0,0,0,0,0,0,0,0,0,0,0,0,0,0,0,0,0,0,0,0
"4",1,0,1,2016,2,23,18,"Tuesday",FALSE,FALSE,17,"spanish","6","neutral","subjective","Computers & Technology","advanced",0,0,0,0,1,0,1,0,0,0,0,0,1,0,0,0,0,0,0,0,0,0,0,0,0
"366",1,0,1,2017,2,10,6,"Friday",TRUE,FALSE,14,"spanish","5","positive","objective","Computers & Technology","advanced",0,0,0,0,0,0,0,0,0,0,0,0,0,0,0,0,0,0,0,0,0,0,0,0,0
"324",1,0,1,2017,1,16,6,"Monday",FALSE,FALSE,9,"english","4","neutral","objective","Reference & Education","basic",0,0,0,0,0,0,2,0,0,0,0,0,0,0,0,0,0,0,0,0,2,0,0,0,0
"131",1,0,1,2016,7,19,6,"Tuesday",FALSE,FALSE,8,"english","3","positive","objective","Science","advanced",0,0,0,0,0,0,0,0,0,0,0,0,0,0,0,0,1,1,0,0,0,0,0,0,0
"41",1,0,0,2016,4,2,21,"Saturday",TRUE,FALSE,15,"spanish","3","neutral","subjective","Arts","basic",0,0,0,0,0,0,0,0,0,0,0,0,0,0,0,0,0,0,0,0,0,0,0,0,0
"6",0,0,0,2016,2,18,18,"Thursday",FALSE,FALSE,12,"spanish","4","neutral","subjective","Arts","advanced",0,0,0,0,0,0,0,0,0,0,0,0,0,0,0,0,0,0,0,0,0,0,0,1,0
"198",1,0,0,2016,9,7,6,"Wednesday",FALSE,FALSE,6,"english","1","neutral","subjective","Science","advanced",0,0,0,0,0,0,1,0,0,0,0,0,0,0,0,0,0,0,0,0,0,0,0,0,0
"275",1,0,1,2016,12,8,7,"Thursday",FALSE,FALSE,11,"english","6","neutral","subjective","Computers & Technology","basic",0,0,0,0,0,0,1,0,0,0,0,0,0,0,0,0,0,0,0,0,0,0,0,0,0
"311",1,0,1,2017,1,23,21,"Monday",FALSE,FALSE,9,"spanish","6","negative","subjective","Computers & Technology","advanced",0,0,0,0,0,0,0,0,0,0,0,0,0,0,0,0,0,0,0,0,0,0,0,0,0
"55",1,0,0,2016,5,25,17,"Wednesday",FALSE,TRUE,11,"english","1","neutral","subjective","Computers & Technology","advanced",0,0,0,0,0,0,1,0,0,0,0,0,0,0,0,0,0,0,0,0,1,0,0,0,0
"72",1,0,0,2016,6,29,16,"Wednesday",FALSE,TRUE,10,"english","6","neutral","objective","Arts","intermediate",0,0,0,0,0,0,0,0,0,0,0,0,0,0,0,0,1,0,0,0,0,0,0,0,0
"248",1,0,1,2016,11,17,6,"Thursday",FALSE,FALSE,7,"english","5","positive","subjective","Computers & Technology","advanced",1,0,0,0,0,0,0,0,0,0,0,0,0,0,0,0,0,0,0,0,0,0,0,0,0
"114",1,0,0,2016,6,2,16,"Thursday",FALSE,TRUE,12,"english","1","neutral","objective","News","basic",0,0,0,0,0,0,0,0,0,0,1,0,0,0,0,0,0,0,0,0,0,0,0,0,0
"69",1,1,0,2016,6,30,16,"Thursday",FALSE,TRUE,11,"spanish","3","neutral","subjective","News","advanced",0,0,0,0,0,0,0,0,0,0,0,0,0,0,0,0,0,0,0,0,0,0,0,0,0
"21",1,0,0,2016,3,16,18,"Wednesday",FALSE,FALSE,8,"english","3","neutral","objective","Society","basic",0,0,0,0,0,0,0,0,0,0,0,0,0,0,0,0,0,0,0,0,0,0,0,0,0
"19",1,0,0,2016,3,18,18,"Friday",TRUE,FALSE,9,"spanish","3","neutral","subjective","Business & Economy","basic",0,0,0,0,0,0,1,0,0,0,0,0,0,0,0,0,0,0,0,0,0,0,0,0,0
"342",1,0,1,2017,2,20,20,"Monday",FALSE,FALSE,11,"english","3","negative","subjective","Health","basic",0,0,0,0,0,0,0,0,0,0,0,0,0,0,0,0,0,0,0,0,0,0,0,0,0
"325",1,0,1,2017,1,13,7,"Friday",TRUE,FALSE,11,"english","5","positive","objective","Computers & Technology","advanced",0,0,0,0,0,0,0,0,0,0,0,0,0,0,0,0,0,0,0,0,0,0,0,0,0
"295",1,0,1,2017,1,30,20,"Monday",FALSE,FALSE,18,"spanish","5","neutral","subjective","Computers & Technology","advanced",0,0,0,0,0,0,0,0,0,0,0,0,0,0,0,0,0,0,0,0,0,0,0,0,0
"296",1,1,1,2017,1,30,19,"Monday",FALSE,FALSE,9,"english","6","neutral","subjective","Computers & Technology","advanced",1,0,0,0,0,0,0,0,0,0,0,0,0,0,0,0,0,0,0,0,0,0,0,0,0
"207",1,0,1,2016,9,1,6,"Thursday",FALSE,FALSE,13,"english","6","positive","objective","Computers & Technology","advanced",0,0,0,0,0,0,0,0,0,0,0,0,0,0,0,0,0,0,0,0,0,0,0,0,0
"98",1,0,0,2016,6,14,14,"Tuesday",FALSE,TRUE,3,"english","3","negative","subjective","News","advanced",0,0,0,0,0,0,0,0,0,0,0,0,0,0,0,0,0,0,0,0,0,0,0,0,0
"24",1,0,0,2016,3,11,21,"Friday",TRUE,FALSE,6,"english","3","neutral","objective","Computers & Technology","advanced",0,0,0,0,0,0,0,0,0,0,0,0,0,0,0,0,0,0,0,0,0,0,0,0,0
"11",1,0,0,2016,2,15,17,"Monday",FALSE,TRUE,6,"english","4","negative","objective","News","basic",0,0,0,0,0,0,0,0,0,0,0,0,0,0,0,0,0,0,0,0,0,0,0,0,0
"219",1,0,1,2016,10,17,6,"Monday",FALSE,FALSE,8,"english","1","neutral","objective","Business & Economy","basic",0,0,0,0,0,0,1,0,0,0,0,0,0,0,0,0,0,1,0,0,0,0,0,0,0
"281",1,0,1,2016,12,6,6,"Tuesday",FALSE,FALSE,19,"spanish","1","neutral","subjective","Computers & Technology","advanced",0,0,0,0,0,0,0,0,0,0,0,0,0,0,0,0,0,0,0,0,0,0,0,0,0
"42",0,0,0,2016,4,2,19,"Saturday",TRUE,FALSE,23,"spanish","3","neutral","subjective","Science","advanced",0,0,0,0,0,1,0,0,0,0,0,0,0,0,0,0,0,0,0,0,0,0,0,0,0
"12",1,0,1,2016,2,11,17,"Thursday",FALSE,TRUE,17,"spanish","3","neutral","subjective","Recreation & Activities","intermediate",0,0,0,0,0,0,0,0,1,0,0,0,0,0,0,0,0,0,0,0,0,0,0,0,0
"158",1,0,0,2016,7,1,16,"Friday",TRUE,TRUE,15,"english","4","neutral","subjective","News","basic",0,0,0,0,0,0,0,0,0,0,0,0,0,0,0,0,0,0,0,0,0,0,0,0,0
"288",0,0,1,2016,12,2,6,"Friday",TRUE,FALSE,23,"spanish","3","positive","subjective","Science","advanced",0,0,0,0,0,0,0,0,0,0,0,0,0,0,0,0,0,0,0,0,0,0,0,0,0
"242",1,0,1,2016,11,22,6,"Tuesday",FALSE,FALSE,10,"spanish","5","neutral","subjective","Computers & Technology","basic",0,0,0,0,0,0,0,0,0,0,0,0,0,0,0,0,0,0,0,0,0,0,1,0,0
"271",1,0,1,2016,12,12,7,"Monday",FALSE,FALSE,9,"spanish","6","positive","subjective","Computers & Technology","basic",0,0,0,0,0,0,0,0,0,0,0,0,0,0,0,0,0,0,0,0,0,0,0,0,0
"389",1,1,1,2017,2,1,19,"Wednesday",FALSE,FALSE,16,"english","5","neutral","objective","Shopping","basic",0,0,0,0,0,0,0,0,0,0,0,0,0,0,0,0,0,0,0,1,0,0,0,0,0
"140",1,0,0,2016,7,14,5,"Thursday",FALSE,FALSE,10,"english","4","neutral","subjective","Science","intermediate",0,0,0,0,0,0,1,0,0,0,0,0,0,0,0,1,0,0,0,0,0,0,0,0,0
"92",1,0,1,2016,6,15,16,"Wednesday",FALSE,TRUE,13,"spanish","3","neutral","subjective","Arts","advanced",0,0,0,0,0,0,0,0,0,0,0,0,0,0,0,0,0,0,0,0,0,0,0,0,0
"167",1,1,0,2016,8,23,14,"Tuesday",FALSE,TRUE,7,"english","4","positive","objective","Arts","basic",0,0,0,0,0,0,0,0,0,0,0,0,0,0,0,0,0,0,0,0,0,0,0,0,0
"108",1,0,1,2016,6,7,15,"Tuesday",FALSE,TRUE,10,"spanish","6","neutral","subjective","Computers & Technology","advanced",0,0,1,0,0,0,0,0,0,0,0,1,0,0,0,0,0,0,0,0,0,0,0,0,0
"38",1,0,0,2016,4,11,17,"Monday",FALSE,TRUE,14,"spanish","6","neutral","subjective","Science","advanced",0,0,1,0,0,0,0,0,0,0,0,1,0,0,0,0,0,0,0,0,0,0,0,0,0
"22",1,0,1,2016,3,14,18,"Monday",FALSE,FALSE,5,"spanish","4","neutral","subjective","Arts","basic",0,0,0,0,0,0,0,0,0,0,0,0,0,0,0,0,0,0,0,0,0,0,0,0,0
"340",1,0,1,2017,2,21,17,"Tuesday",FALSE,TRUE,10,"english","4","neutral","objective","Computers & Technology","advanced",0,0,0,0,0,0,0,0,0,1,0,0,0,0,0,0,0,0,0,0,0,0,0,0,0
"70",1,0,1,2016,6,30,14,"Thursday",FALSE,TRUE,19,"english","3","positive","subjective","Computers & Technology","advanced",0,0,0,0,0,0,0,0,0,0,0,0,0,0,0,0,0,0,0,0,0,0,0,0,0
"216",1,0,1,2016,10,21,6,"Friday",TRUE,FALSE,11,"english","1","neutral","objective","Sports","advanced",0,0,0,0,0,0,0,0,0,0,0,0,0,0,0,0,0,0,0,0,0,0,0,0,0
"145",1,0,0,2016,7,12,6,"Tuesday",FALSE,FALSE,19,"english","4","neutral","subjective","Science","intermediate",0,0,0,0,0,0,2,0,0,0,0,0,0,0,0,0,0,0,0,0,1,1,0,0,0
"126",1,0,1,2016,7,21,5,"Thursday",FALSE,FALSE,14,"english","2","neutral","subjective","Computers & Technology","advanced",0,0,0,0,0,0,0,0,0,0,0,0,0,0,0,0,0,0,0,0,0,0,0,0,0
"175",1,0,1,2016,8,3,10,"Wednesday",FALSE,TRUE,16,"english","2","neutral","subjective","News","intermediate",0,0,0,0,0,0,0,0,0,0,0,0,0,0,0,0,0,0,0,0,0,0,0,0,0
"345",1,0,1,2017,2,17,20,"Friday",TRUE,FALSE,17,"spanish","5","neutral","subjective","Arts","advanced",0,0,0,0,0,0,0,0,0,0,0,0,0,0,0,0,0,0,0,0,0,0,0,1,0
"170",1,0,1,2016,8,5,11,"Friday",TRUE,TRUE,6,"english","2","neutral","objective","Computers & Technology","basic",0,0,0,0,0,0,0,0,0,0,0,0,0,0,0,0,0,0,0,0,0,0,0,0,0
"96",1,1,0,2016,6,14,16,"Tuesday",FALSE,TRUE,11,"spanish","2","neutral","subjective","Recreation & Activities","advanced",0,0,0,0,0,0,0,0,0,0,0,0,0,0,0,0,0,0,0,0,0,0,0,0,0
"64",1,0,0,2016,5,10,19,"Tuesday",FALSE,FALSE,11,"english","2","neutral","objective","News","basic",0,0,0,0,0,0,0,0,0,0,0,0,0,0,0,0,0,0,0,0,1,0,0,0,0
"78",1,0,0,2016,6,27,14,"Monday",FALSE,TRUE,10,"english","2","neutral","subjective","Computers & Technology","intermediate",0,0,0,0,0,0,0,0,0,0,0,0,0,0,0,0,0,0,0,0,0,0,0,0,1
"144",1,0,1,2016,7,13,5,"Wednesday",FALSE,FALSE,11,"english","6","neutral","subjective","Computers & Technology","intermediate",0,0,0,0,0,0,0,0,0,0,0,0,0,1,1,0,0,0,0,0,0,0,0,0,0
"123",1,0,1,2016,7,22,6,"Friday",TRUE,FALSE,18,"spanish","4","neutral","objective","Arts","advanced",0,0,0,0,0,0,0,0,0,0,0,0,0,0,0,0,0,0,0,0,0,0,1,0,0
"122",1,0,0,2016,7,25,10,"Monday",FALSE,TRUE,11,"english","2","negative","subjective","Computers & Technology","intermediate",0,0,0,0,0,0,0,0,0,0,0,0,0,1,1,0,0,0,0,0,0,0,0,0,0
"238",1,1,0,2016,11,25,6,"Friday",TRUE,FALSE,5,"spanish","4","neutral","subjective","Science","basic",0,0,0,1,0,1,0,0,0,0,0,0,0,0,0,0,0,0,0,0,0,0,0,0,0
"119",1,0,1,2016,7,28,10,"Thursday",FALSE,TRUE,17,"spanish","1","neutral","subjective","Computers & Technology","intermediate",0,0,0,0,0,0,0,1,0,0,0,0,0,0,0,0,0,0,0,0,0,0,0,0,0
"171",1,0,0,2016,8,5,10,"Friday",TRUE,TRUE,17,"english","2","positive","subjective","Science","intermediate",2,0,0,0,0,0,0,0,0,0,0,0,0,0,0,0,0,0,0,0,0,0,0,0,0
"235",1,0,0,2016,11,28,7,"Monday",FALSE,FALSE,12,"english","2","neutral","subjective","Computers & Technology","advanced",0,0,0,0,0,0,0,0,0,0,1,0,0,0,0,0,0,0,0,1,0,0,0,0,0
"294",1,0,1,2017,1,31,17,"Tuesday",FALSE,TRUE,11,"english","5","neutral","objective","Computers & Technology","advanced",0,0,0,0,0,0,0,0,0,0,0,0,0,0,0,0,0,0,0,0,0,0,0,0,1
"236",1,0,0,2016,11,28,6,"Monday",FALSE,FALSE,9,"english","4","neutral","objective","Computers & Technology","advanced",0,0,0,0,0,0,1,0,0,0,0,0,0,0,0,0,1,0,0,0,1,0,0,0,0
"258",0,0,0,2016,11,6,12,"Sunday",TRUE,FALSE,20,"spanish","1","neutral","subjective","Science","advanced",0,0,0,0,0,0,0,0,0,0,0,0,0,0,0,0,0,0,0,0,0,0,0,0,0
"217",1,0,1,2016,10,20,6,"Thursday",FALSE,FALSE,12,"english","6","neutral","objective","Computers & Technology","advanced",0,0,0,0,0,0,1,0,0,0,0,0,0,0,0,0,0,0,0,1,0,0,0,0,1
"282",0,0,1,2016,12,5,12,"Monday",FALSE,TRUE,11,"spanish","1","positive","objective","Science","intermediate",0,0,0,0,0,0,0,0,0,0,0,0,0,0,0,0,0,0,0,0,0,0,0,0,0
"115",0,0,0,2016,6,2,15,"Thursday",FALSE,TRUE,26,"spanish","1","positive","objective","Sports","advanced",0,0,0,0,0,0,0,0,0,0,0,0,0,0,0,0,0,0,0,1,0,0,0,0,0
"160",1,0,0,2016,7,1,6,"Friday",TRUE,FALSE,17,"spanish","4","neutral","subjective","Reference & Education","advanced",0,0,0,0,0,0,0,0,0,0,0,0,0,0,0,0,0,0,0,0,0,0,0,0,0
"9",1,1,0,2016,2,16,20,"Tuesday",FALSE,FALSE,11,"spanish","4","neutral","subjective","Arts","advanced",0,0,0,0,0,0,0,0,0,0,0,0,0,0,0,0,0,0,0,0,0,0,0,0,0
"106",1,0,1,2016,6,7,18,"Tuesday",FALSE,FALSE,10,"spanish","2","negative","subjective","Science","advanced",0,0,0,0,0,0,0,0,0,0,0,0,0,0,0,0,0,0,0,0,0,0,0,0,0
"291",1,0,1,2016,12,1,6,"Thursday",FALSE,FALSE,15,"spanish","5","neutral","subjective","Computers & Technology","advanced",0,0,0,0,1,0,1,0,0,0,0,0,0,0,0,0,0,0,0,0,0,0,0,0,0
"111",1,0,0,2016,6,3,16,"Friday",TRUE,TRUE,14,"spanish","1","neutral","subjective","Home & Domestic Life","advanced",0,0,0,0,0,0,0,0,0,0,0,0,0,0,0,0,0,0,0,0,0,0,0,0,0
"330",1,0,1,2017,1,11,6,"Wednesday",FALSE,FALSE,16,"spanish","4","positive","subjective","Arts","intermediate",0,0,0,0,0,0,0,0,0,0,0,0,0,0,0,0,0,0,0,0,0,0,0,0,0
"335",1,0,1,2017,1,5,8,"Thursday",FALSE,FALSE,11,"english","3","positive","subjective","Arts","intermediate",0,0,0,0,0,0,0,0,0,0,0,0,0,0,0,0,0,0,0,0,0,0,0,0,0
"285",1,0,1,2016,12,5,8,"Monday",FALSE,FALSE,18,"spanish","6","neutral","subjective","Recreation & Activities","intermediate",0,0,0,0,0,0,0,0,0,0,1,0,0,0,0,0,0,0,0,2,0,0,0,0,0
"54",1,0,0,2016,5,25,19,"Wednesday",FALSE,FALSE,6,"english","1","positive","objective","Arts","basic",0,0,0,0,0,0,0,0,0,0,0,0,0,0,0,0,0,0,1,0,0,0,0,0,0
"322",1,0,1,2017,1,17,17,"Tuesday",FALSE,TRUE,14,"english","5","positive","objective","News","advanced",0,0,0,0,0,0,0,0,0,0,0,0,0,0,0,0,0,0,0,0,0,0,0,0,0
"319",1,0,1,2017,1,18,20,"Wednesday",FALSE,FALSE,10,"spanish","6","neutral","subjective","Computers & Technology","intermediate",0,0,0,0,0,0,0,0,0,0,0,0,0,0,0,0,0,0,0,0,0,0,0,0,0
"112",1,0,0,2016,6,3,15,"Friday",TRUE,TRUE,12,"spanish","1","neutral","objective","News","basic",0,0,0,0,1,0,1,0,0,0,0,0,0,0,0,0,0,0,0,0,0,0,0,0,0
"205",1,0,1,2016,9,2,7,"Friday",TRUE,FALSE,8,"spanish","4","neutral","subjective","Computers & Technology","basic",0,0,0,0,1,0,1,0,0,0,0,0,0,0,0,0,0,0,0,0,0,0,0,0,0
"224",0,0,1,2016,10,8,6,"Saturday",TRUE,FALSE,19,"spanish","5","neutral","subjective","Computers & Technology","advanced",0,0,0,0,1,0,1,1,0,0,0,0,0,0,0,0,0,0,0,0,0,0,0,0,0
"159",1,0,0,2016,7,1,15,"Friday",TRUE,TRUE,12,"spanish","3","neutral","objective","Computers & Technology","intermediate",0,0,0,0,1,0,1,0,0,0,0,0,0,0,0,0,0,0,0,0,0,0,0,0,0
"199",1,0,1,2016,9,7,5,"Wednesday",FALSE,FALSE,9,"spanish","3","neutral","subjective","Reference & Education","advanced",0,0,0,0,0,0,0,0,0,0,0,0,0,1,0,0,0,0,0,0,0,0,0,0,0
"128",1,0,0,2016,7,20,5,"Wednesday",FALSE,FALSE,9,"english","2","neutral","subjective","Sports","basic",0,0,0,0,0,0,0,0,0,0,1,0,0,0,0,0,0,0,0,0,0,0,0,0,0
"267",1,1,1,2016,12,19,10,"Monday",FALSE,TRUE,6,"english","6","neutral","objective","Computers & Technology","basic",0,0,0,0,1,0,1,0,0,0,0,0,0,0,0,0,0,0,0,0,0,0,0,0,0
"385",1,0,0,2017,2,2,20,"Thursday",FALSE,FALSE,5,"english","5","positive","subjective","Shopping","basic",0,0,0,0,0,0,0,0,0,0,0,0,0,0,0,0,0,0,0,0,0,0,0,0,0
"66",1,0,0,2016,5,5,17,"Thursday",FALSE,TRUE,18,"spanish","2","neutral","subjective","Computers & Technology","advanced",0,0,0,0,0,0,0,0,0,0,0,0,0,0,0,0,0,0,0,0,0,0,0,0,0
"203",1,0,1,2016,9,5,5,"Monday",FALSE,FALSE,12,"spanish","2","neutral","subjective","Arts","basic",0,0,0,0,0,0,0,0,0,0,0,0,0,0,0,0,0,0,0,0,0,0,0,1,0
"10",1,0,0,2016,2,16,17,"Tuesday",FALSE,TRUE,9,"english","6","positive","objective","Science","advanced",0,0,0,0,0,0,0,0,0,0,0,0,0,0,0,0,0,0,0,0,0,0,0,0,0
"133",1,0,1,2016,7,18,6,"Monday",FALSE,FALSE,12,"english","3","neutral","subjective","Computers & Technology","basic",0,0,0,0,0,0,1,0,0,0,0,0,0,1,1,0,0,0,0,0,0,0,0,0,0
"151",1,0,1,2016,7,8,6,"Friday",TRUE,FALSE,19,"english","3","positive","subjective","News","basic",0,0,0,0,0,0,0,0,0,0,0,0,0,0,0,0,0,0,0,0,0,0,0,0,0
"247",1,0,0,2016,11,17,7,"Thursday",FALSE,FALSE,18,"spanish","6","neutral","subjective","Health","advanced",0,0,0,0,0,0,0,0,0,0,0,0,0,0,0,0,0,0,0,0,0,0,0,0,0
"110",1,0,0,2016,6,7,14,"Tuesday",FALSE,TRUE,7,"english","2","neutral","subjective","Computers & Technology","advanced",0,0,0,0,0,0,0,0,0,0,0,0,0,0,0,0,0,0,0,0,0,0,0,0,0
"162",1,0,0,2016,8,31,5,"Wednesday",FALSE,FALSE,5,"spanish","1","negative","subjective","News","advanced",0,0,0,0,0,0,0,0,0,0,0,0,0,0,0,0,0,0,0,0,0,0,0,0,0
"301",1,0,1,2017,1,26,21,"Thursday",FALSE,FALSE,16,"english","6","positive","subjective","Home & Domestic Life","intermediate",0,0,0,0,0,0,0,0,0,0,0,0,0,0,0,0,0,0,0,1,0,0,0,0,0
"299",1,0,0,2017,1,27,18,"Friday",TRUE,FALSE,7,"english","5","negative","subjective","Computers & Technology","basic",0,0,0,0,0,0,0,0,0,0,0,0,0,1,1,0,0,0,0,0,0,0,0,0,0
"165",1,0,1,2016,8,24,21,"Wednesday",FALSE,FALSE,6,"english","2","positive","objective","Computers & Technology","basic",0,0,0,0,0,0,0,0,0,0,0,0,0,0,0,0,0,0,0,0,0,0,0,0,0
"176",1,0,1,2016,8,2,10,"Tuesday",FALSE,TRUE,14,"english","3","neutral","subjective","Reference & Education","advanced",0,0,0,0,0,0,0,1,0,0,0,0,0,0,0,0,0,0,0,0,0,0,0,0,0
"329",1,0,1,2017,1,11,7,"Wednesday",FALSE,FALSE,5,"spanish","4","negative","objective","Computers & Technology","advanced",0,0,0,0,0,0,0,0,0,0,0,0,0,0,0,0,0,0,0,0,0,0,0,0,0
"143",1,0,1,2016,7,13,5,"Wednesday",FALSE,FALSE,18,"spanish","3","neutral","subjective","Science","advanced",0,0,0,0,0,0,0,0,0,0,0,0,0,0,0,0,0,0,0,0,0,0,0,0,0
"192",1,0,1,2016,9,12,7,"Monday",FALSE,FALSE,6,"english","1","neutral","objective","Health","basic",0,0,0,0,0,0,0,0,0,0,0,0,0,0,0,0,0,0,0,0,0,0,0,0,0
"161",1,1,1,2016,8,31,7,"Wednesday",FALSE,FALSE,13,"english","4","neutral","objective","Science","basic",0,0,0,0,0,0,0,0,0,0,0,0,0,0,0,0,0,0,0,0,0,0,0,0,0
"102",1,0,1,2016,6,9,17,"Thursday",FALSE,TRUE,7,"english","2","neutral","objective","Science","basic",0,0,0,0,0,0,1,0,0,0,0,0,0,0,0,0,0,0,0,0,1,0,0,0,0
"53",1,0,0,2016,5,26,17,"Thursday",FALSE,TRUE,17,"spanish","1","neutral","subjective","Recreation & Activities","advanced",0,0,0,0,0,0,0,0,0,0,0,0,0,0,0,0,0,0,0,0,0,0,0,0,0
"75",1,0,0,2016,6,28,16,"Tuesday",FALSE,TRUE,13,"english","2","neutral","objective","Computers & Technology","advanced",0,0,0,0,0,0,0,0,0,0,0,0,0,0,0,0,0,0,0,0,0,0,0,0,0
"2",1,0,0,2016,2,25,18,"Thursday",FALSE,FALSE,5,"english","3","positive","objective","News","advanced",0,0,0,0,0,0,0,0,0,0,0,0,0,0,0,0,0,0,0,0,0,0,0,0,0
"49",1,0,1,2016,5,30,14,"Monday",FALSE,TRUE,14,"spanish","1","neutral","subjective","Society","advanced",0,0,0,0,0,0,0,0,0,0,0,0,0,0,0,0,0,0,0,0,0,0,1,0,0
"318",1,1,0,2017,1,19,17,"Thursday",FALSE,TRUE,14,"spanish","5","neutral","subjective","Science","advanced",0,0,0,0,0,0,0,2,0,0,0,0,0,0,0,0,0,0,0,0,0,0,0,0,0
"125",1,0,1,2016,7,21,7,"Thursday",FALSE,FALSE,6,"english","2","negative","subjective","Science","basic",0,0,0,0,0,0,0,0,0,0,0,0,0,0,0,0,0,0,0,0,0,0,0,0,0
"246",1,0,0,2016,11,18,6,"Friday",TRUE,FALSE,11,"english","6","neutral","objective","Computers & Technology","basic",0,1,0,0,0,0,1,0,0,0,1,0,0,0,0,0,0,1,0,0,0,0,0,0,0
"44",1,0,0,2016,5,31,16,"Tuesday",FALSE,TRUE,16,"spanish","1","neutral","subjective","Computers & Technology","intermediate",0,0,0,0,0,0,0,0,0,0,0,0,0,0,0,0,0,0,0,0,0,0,0,0,0
"307",1,0,0,2017,1,24,21,"Tuesday",FALSE,FALSE,2,"english","6","negative","subjective","Science","advanced",0,0,0,0,0,0,0,0,0,0,0,0,0,0,0,0,0,0,0,0,0,0,0,0,0
"225",1,1,0,2016,10,7,6,"Friday",TRUE,FALSE,8,"spanish","2","negative","subjective","Science","advanced",0,0,0,0,0,0,0,0,0,0,0,0,0,0,0,0,0,0,0,0,0,0,0,0,0
"338",1,0,1,2017,2,22,17,"Wednesday",FALSE,TRUE,9,"english","4","positive","objective","Arts","basic",0,0,0,0,0,0,0,0,0,0,0,0,0,0,0,0,0,0,0,1,0,0,0,0,0
"328",1,0,1,2017,1,12,6,"Thursday",FALSE,FALSE,6,"english","4","neutral","objective","Science","basic",0,0,0,0,0,0,1,0,0,0,0,0,0,0,0,0,0,0,0,0,0,0,0,0,0
"82",1,0,0,2016,6,23,17,"Thursday",FALSE,TRUE,8,"english","1","positive","subjective","News","advanced",0,0,1,0,0,0,0,0,0,0,0,0,1,0,0,0,0,0,0,0,0,0,0,0,0
"135",1,0,1,2016,7,18,5,"Monday",FALSE,FALSE,11,"english","4","neutral","subjective","Health","basic",0,0,0,0,0,0,0,0,0,0,0,0,0,0,0,0,0,0,0,0,0,0,0,0,0
"263",0,0,0,2016,12,31,11,"Saturday",TRUE,FALSE,14,"spanish","1","neutral","subjective","Science","basic",0,0,0,0,0,0,0,0,0,0,0,0,0,0,0,0,0,0,0,0,0,0,0,0,0
"375",1,1,1,2017,2,8,17,"Wednesday",FALSE,TRUE,7,"english","5","neutral","objective","Health","advanced",0,0,0,0,0,0,0,0,0,0,0,0,0,0,0,0,0,0,0,1,0,0,0,0,0
"316",1,0,1,2017,1,20,17,"Friday",TRUE,TRUE,14,"spanish","5","positive","subjective","Society","advanced",0,0,0,0,0,0,0,0,0,0,0,0,0,0,0,0,0,0,0,0,0,0,0,0,0
"348",0,0,1,2017,2,17,14,"Friday",TRUE,TRUE,21,"spanish","6","neutral","subjective","Computers & Technology","advanced",0,0,0,0,1,0,1,0,0,0,0,0,0,0,0,0,0,0,0,0,0,0,0,0,0
"107",1,0,0,2016,6,7,17,"Tuesday",FALSE,TRUE,13,"english","2","positive","subjective","Computers & Technology","basic",0,0,0,0,0,0,0,0,0,1,0,0,0,0,0,0,0,0,0,0,0,0,0,0,0
"208",1,0,1,2016,9,1,5,"Thursday",FALSE,FALSE,12,"spanish","3","neutral","objective","Arts","advanced",0,0,0,0,0,0,0,1,0,0,0,0,0,0,0,0,0,0,0,0,0,0,0,0,0
"43",0,0,0,2016,4,2,19,"Saturday",TRUE,FALSE,21,"spanish","3","neutral","subjective","Science","advanced",0,0,0,0,0,1,0,0,0,0,0,0,0,0,0,0,0,0,0,0,0,0,0,0,0
"184",1,0,1,2016,9,23,7,"Friday",TRUE,FALSE,8,"spanish","2","neutral","subjective","Computers & Technology","basic",0,0,0,0,0,0,0,0,0,0,0,0,0,0,0,0,0,0,0,0,0,0,0,0,0
"306",1,1,0,2017,1,25,17,"Wednesday",FALSE,TRUE,5,"english","5","neutral","subjective","Science","advanced",1,0,0,0,0,0,0,0,0,0,0,0,0,0,0,0,0,0,0,0,0,0,0,0,0
"163",1,0,0,2016,8,31,4,"Wednesday",FALSE,FALSE,6,"english","1","neutral","subjective","Reference & Education","basic",0,0,0,0,0,0,0,0,0,0,0,0,0,0,0,0,0,0,1,0,0,0,0,0,0
"188",0,0,1,2016,9,16,5,"Friday",TRUE,FALSE,22,"spanish","6","neutral","subjective","Computers & Technology","advanced",0,1,0,0,1,0,1,0,0,0,0,0,0,0,0,0,0,0,0,0,0,0,0,0,0
"364",1,0,0,2017,2,10,10,"Friday",TRUE,TRUE,16,"english","6","neutral","subjective","Reference & Education","advanced",0,0,0,0,0,0,1,0,0,0,0,0,0,0,0,1,0,0,0,0,0,0,0,0,0
"86",1,0,1,2016,6,22,14,"Wednesday",FALSE,TRUE,12,"english","4","neutral","objective","Computers & Technology","basic",0,0,0,0,0,0,0,0,0,0,0,0,0,0,0,0,0,0,0,0,0,0,0,0,0
"287",1,0,1,2016,12,2,7,"Friday",TRUE,FALSE,14,"english","1","neutral","subjective","Science","advanced",0,0,0,0,0,0,0,0,0,0,0,0,0,1,1,0,0,0,0,0,0,0,0,0,0
"149",1,0,1,2016,7,11,5,"Monday",FALSE,FALSE,16,"spanish","3","negative","subjective","Computers & Technology","basic",0,0,0,0,0,0,0,0,0,0,0,0,0,0,0,0,0,0,0,0,0,0,0,0,0
"371",0,0,0,2017,2,9,9,"Thursday",FALSE,TRUE,23,"spanish","1","neutral","subjective","Arts","intermediate",0,0,0,0,0,0,0,0,0,0,0,0,0,0,0,0,0,0,0,0,0,0,0,0,0
"88",1,1,1,2016,6,17,17,"Friday",TRUE,TRUE,10,"english","3","neutral","objective","Science","advanced",0,1,0,0,0,0,1,0,0,0,0,0,0,0,0,0,0,0,0,0,1,0,0,0,0
"3",1,0,0,2016,2,24,18,"Wednesday",FALSE,FALSE,13,"english","4","neutral","objective","Science","advanced",0,0,0,0,0,0,0,0,0,0,0,0,0,0,0,0,0,0,0,0,0,0,0,0,0
"354",1,0,1,2017,2,15,17,"Wednesday",FALSE,TRUE,9,"english","6","neutral","objective","News","basic",0,0,0,0,0,0,0,0,0,0,0,0,0,0,0,0,0,0,0,0,0,0,0,0,0
"57",1,0,1,2016,5,23,17,"Monday",FALSE,TRUE,8,"spanish","1","neutral","subjective","Computers & Technology","basic",0,0,0,1,0,1,0,0,0,0,0,0,0,0,0,0,0,0,0,0,0,0,0,0,0
"93",1,0,0,2016,6,15,16,"Wednesday",FALSE,TRUE,17,"english","6","neutral","objective","Computers & Technology","intermediate",0,0,0,0,0,0,2,0,0,0,0,0,0,0,0,0,0,0,0,0,2,0,0,0,0
"166",1,0,0,2016,8,24,21,"Wednesday",FALSE,FALSE,13,"spanish","2","neutral","subjective","Science","advanced",0,0,1,0,0,0,0,0,0,0,0,1,0,0,0,0,0,0,0,0,0,0,0,0,0
"290",1,0,0,2016,12,1,7,"Thursday",FALSE,FALSE,17,"spanish","5","neutral","subjective","Computers & Technology","advanced",0,0,0,0,0,0,0,0,0,0,0,0,0,0,0,0,0,0,0,0,0,0,0,0,0
"232",1,0,1,2016,11,30,6,"Wednesday",FALSE,FALSE,16,"english","3","positive","subjective","Computers & Technology","intermediate",0,0,0,0,0,0,0,0,0,0,0,0,0,0,0,0,0,0,0,0,0,0,0,0,0
"374",1,1,1,2017,2,8,19,"Wednesday",FALSE,FALSE,5,"english","4","neutral","subjective","Arts","basic",0,0,0,0,0,0,0,0,0,0,0,0,0,0,0,0,0,0,0,0,0,0,0,0,0
"332",1,0,1,2017,1,10,6,"Tuesday",FALSE,FALSE,13,"spanish","5","positive","subjective","Science","advanced",0,0,0,1,0,0,0,0,0,0,0,0,0,0,0,0,0,0,0,0,0,0,0,0,0
"370",1,0,0,2017,2,9,10,"Thursday",FALSE,TRUE,3,"english","5","positive","subjective","Arts","basic",0,0,0,0,0,0,0,0,0,0,0,0,0,0,0,0,0,0,0,0,0,0,0,0,0
"168",1,0,1,2016,8,9,10,"Tuesday",FALSE,TRUE,9,"spanish","2","neutral","subjective","Computers & Technology","advanced",0,0,0,0,0,0,0,0,0,0,0,0,0,0,0,0,0,0,0,0,0,0,0,0,0
"31",1,0,1,2016,4,27,17,"Wednesday",FALSE,TRUE,16,"spanish","2","neutral","subjective","Arts","advanced",0,0,0,0,0,0,0,0,0,0,0,0,0,0,0,0,0,0,0,0,0,0,0,1,0
"156",1,0,1,2016,7,4,15,"Monday",FALSE,TRUE,6,"spanish","2","negative","subjective","Recreation & Activities","basic",0,0,0,0,0,0,0,0,0,0,0,0,0,0,0,0,0,0,0,0,0,0,0,0,0
"237",1,0,1,2016,11,25,7,"Friday",TRUE,FALSE,7,"english","4","positive","subjective","Science","advanced",0,0,0,0,0,0,0,0,1,0,0,0,0,1,0,0,0,0,0,0,0,0,0,0,0
"127",1,0,1,2016,7,20,7,"Wednesday",FALSE,FALSE,9,"english","4","neutral","objective","Science","basic",0,0,0,0,0,0,0,0,0,0,0,0,0,0,0,0,0,0,0,0,1,1,0,0,0
"132",1,0,1,2016,7,19,5,"Tuesday",FALSE,FALSE,14,"spanish","2","neutral","subjective","Computers & Technology","advanced",0,0,0,0,0,0,0,1,0,0,0,0,0,0,0,0,0,0,0,0,0,0,0,0,0
"36",1,0,1,2016,4,19,21,"Tuesday",FALSE,FALSE,7,"english","2","positive","subjective","Arts","basic",0,0,0,0,0,0,0,0,0,0,0,0,0,0,0,0,0,0,0,0,0,0,0,0,0
"51",1,0,0,2016,5,27,17,"Friday",TRUE,TRUE,13,"spanish","2","neutral","subjective","Science","advanced",0,0,0,0,0,0,0,0,0,0,0,0,0,0,0,0,0,0,0,0,0,0,0,0,0
"202",1,1,0,2016,9,5,6,"Monday",FALSE,FALSE,12,"spanish","2","neutral","objective","Arts","intermediate",0,0,0,0,0,0,0,0,0,0,0,0,0,0,0,0,0,0,0,0,0,0,0,0,0
"83",1,0,0,2016,6,23,16,"Thursday",FALSE,TRUE,14,"english","1","neutral","subjective","Science","basic",0,0,0,0,0,0,2,0,0,0,0,0,0,0,0,0,0,0,0,0,1,1,0,0,0
"32",1,0,1,2016,4,26,17,"Tuesday",FALSE,TRUE,5,"spanish","1","negative","subjective","Science","advanced",0,0,0,1,0,1,0,0,0,0,0,0,0,0,0,0,0,0,0,0,0,0,0,0,0
"382",1,0,0,2017,2,3,21,"Friday",TRUE,FALSE,8,"english","6","neutral","objective","Computers & Technology","basic",0,0,0,0,0,0,0,0,0,0,0,0,0,0,0,0,0,0,0,1,0,0,0,0,0
"357",1,1,0,2017,2,14,17,"Tuesday",FALSE,TRUE,19,"spanish","5","neutral","subjective","Science","advanced",0,0,0,0,0,0,0,0,0,0,0,0,0,0,0,0,0,0,0,0,0,0,0,0,0
"63",1,0,0,2016,5,11,17,"Wednesday",FALSE,TRUE,12,"spanish","3","neutral","subjective","Arts","advanced",0,0,0,0,0,0,0,0,0,0,0,0,0,0,0,0,0,0,0,0,0,0,0,0,0
"384",1,0,1,2017,2,3,17,"Friday",TRUE,TRUE,6,"english","5","positive","subjective","Arts","basic",0,0,0,0,0,0,0,0,0,0,0,0,0,0,0,0,0,0,1,0,0,0,0,0,0
"67",1,0,0,2016,5,4,17,"Wednesday",FALSE,TRUE,11,"english","3","negative","subjective","Science","basic",0,0,0,0,0,0,0,0,0,0,0,0,0,0,0,0,0,0,0,0,0,0,0,0,0
"39",0,0,0,2016,4,7,21,"Thursday",FALSE,FALSE,18,"spanish","3","positive","subjective","Science","advanced",0,0,0,0,0,0,0,0,0,0,0,0,0,0,0,0,0,0,0,0,0,0,0,0,0
"337",1,0,0,2017,2,22,19,"Wednesday",FALSE,FALSE,9,"english","4","neutral","objective","Computers & Technology","basic",0,0,0,0,0,0,0,0,0,0,0,0,0,0,0,0,0,0,0,0,0,0,0,0,0
"33",1,0,1,2016,4,21,12,"Thursday",FALSE,TRUE,6,"english","3","neutral","objective","Science","basic",0,0,0,0,0,0,1,0,0,0,0,0,0,0,0,0,0,0,0,0,0,1,0,0,0
"341",1,0,0,2017,2,21,7,"Tuesday",FALSE,FALSE,17,"english","5","neutral","subjective","Reference & Education","advanced",0,0,0,0,0,0,1,0,0,0,0,0,0,0,0,1,0,0,0,0,0,0,0,0,0
"200",1,0,0,2016,9,6,6,"Tuesday",FALSE,FALSE,8,"english","3","neutral","objective","Science","advanced",0,0,0,0,0,0,1,0,0,0,0,0,1,0,0,0,0,0,0,0,1,0,0,0,0
"68",1,0,0,2016,6,30,16,"Thursday",FALSE,TRUE,16,"english","2","neutral","objective","Computers & Technology","basic",0,0,0,0,0,0,1,0,0,0,0,0,0,1,1,0,0,0,0,0,1,0,0,0,0
"213",1,0,1,2016,10,26,6,"Wednesday",FALSE,FALSE,14,"spanish","5","neutral","subjective","Society","advanced",0,0,0,0,0,0,0,0,0,0,0,0,0,0,0,0,0,0,0,0,0,0,1,0,0
"362",1,0,1,2017,2,10,19,"Friday",TRUE,FALSE,11,"english","5","neutral","objective","Computers & Technology","basic",0,0,0,0,0,0,1,0,0,0,0,0,0,0,0,0,0,0,0,0,0,0,0,0,0
"179",1,0,1,2016,8,1,9,"Monday",FALSE,TRUE,9,"english","4","neutral","objective","Computers & Technology","basic",0,0,0,0,0,0,1,0,0,0,0,0,0,0,0,0,0,0,0,0,0,0,0,0,0
"40",1,0,0,2016,4,7,17,"Thursday",FALSE,TRUE,15,"spanish","3","neutral","subjective","Recreation & Activities","basic",0,0,0,0,0,0,0,0,0,0,0,0,0,0,0,0,0,0,0,0,0,0,0,0,0
"157",1,0,0,2016,7,4,14,"Monday",FALSE,TRUE,12,"english","2","neutral","subjective","Computers & Technology","basic",0,0,0,0,0,0,1,0,0,0,1,0,0,0,0,0,0,0,0,0,1,0,0,0,0
"250",0,0,0,2016,11,15,6,"Tuesday",FALSE,FALSE,17,"english","6","neutral","subjective","Science","advanced",0,0,1,0,0,0,0,0,0,0,0,0,1,0,1,0,0,0,0,0,0,0,0,0,0
"141",1,0,1,2016,7,14,5,"Thursday",FALSE,FALSE,7,"english","3","neutral","objective","Computers & Technology","advanced",1,0,0,0,0,0,0,0,0,0,0,0,0,0,0,0,0,0,0,0,0,0,0,0,0
"349",1,0,1,2017,2,16,20,"Thursday",FALSE,FALSE,8,"english","5","positive","subjective","Computers & Technology","basic",0,0,0,0,0,0,0,0,0,0,0,0,0,0,0,0,0,0,0,0,0,0,0,0,0
"189",1,0,1,2016,9,14,6,"Wednesday",FALSE,FALSE,10,"english","2","neutral","objective","Business & Economy","advanced",0,0,0,0,0,0,0,0,0,0,0,0,0,0,0,0,0,0,0,0,0,0,0,0,1
"182",1,0,0,2016,9,27,7,"Tuesday",FALSE,FALSE,14,"english","2","negative","subjective","Computers & Technology","intermediate",0,0,0,0,0,0,1,0,0,0,0,0,0,0,0,0,0,0,0,0,0,0,0,0,0
"150",1,0,1,2016,7,11,5,"Monday",FALSE,FALSE,16,"english","4","neutral","subjective","Reference & Education","advanced",0,0,0,0,0,0,0,0,0,0,0,0,0,1,1,0,0,0,0,0,0,0,0,0,0
"105",1,0,0,2016,6,9,14,"Thursday",FALSE,TRUE,15,"spanish","2","positive","subjective","Business & Economy","advanced",0,0,0,0,0,0,0,0,0,0,0,0,0,0,1,0,0,0,0,0,0,0,0,0,0
"344",1,0,0,2017,2,20,17,"Monday",FALSE,TRUE,11,"spanish","3","neutral","objective","Arts","advanced",0,0,0,0,0,0,0,0,0,0,0,0,0,0,0,0,0,0,0,0,0,0,0,0,0
"173",1,0,0,2016,8,4,10,"Thursday",FALSE,TRUE,6,"english","2","neutral","objective","Science","advanced",0,0,0,0,0,0,1,0,0,0,0,0,0,0,0,1,0,0,0,0,0,0,0,0,0
"29",1,1,0,2016,4,28,17,"Thursday",FALSE,TRUE,15,"spanish","3","neutral","objective","Computers & Technology","advanced",0,0,0,0,0,0,0,0,0,0,0,0,0,0,0,0,0,0,0,0,0,0,0,0,0
"91",1,1,0,2016,6,16,16,"Thursday",FALSE,TRUE,16,"spanish","3","positive","subjective","Health","advanced",0,0,0,0,0,0,0,0,0,0,0,0,0,0,0,0,0,0,0,0,0,0,0,0,0
"77",1,0,0,2016,6,27,15,"Monday",FALSE,TRUE,7,"english","2","neutral","subjective","Science","advanced",0,0,0,0,0,0,1,0,0,0,0,0,0,0,0,0,0,0,0,1,0,0,0,0,0
"210",1,0,1,2016,10,28,5,"Friday",TRUE,FALSE,17,"spanish","6","neutral","subjective","Science","advanced",0,0,0,0,0,0,0,0,0,0,0,0,0,0,0,0,0,0,0,0,0,0,0,0,0
"194",1,0,0,2016,9,9,7,"Friday",TRUE,FALSE,12,"english","5","neutral","objective","Science","advanced",0,0,0,0,0,0,0,0,0,0,0,0,1,0,0,0,1,0,0,0,0,0,0,0,0
"138",1,0,0,2016,7,15,5,"Friday",TRUE,FALSE,12,"spanish","3","negative","subjective","Science","advanced",0,0,0,0,0,0,0,0,0,0,0,0,0,0,0,0,0,0,0,0,0,0,0,0,0
"377",1,0,0,2017,2,7,18,"Tuesday",FALSE,FALSE,14,"english","4","negative","subjective","News","basic",0,0,0,0,0,0,0,0,0,0,0,0,0,0,0,0,0,0,1,0,0,0,0,0,0
"279",1,1,0,2016,12,7,6,"Wednesday",FALSE,FALSE,15,"spanish","4","neutral","subjective","Computers & Technology","intermediate",0,0,0,0,0,0,0,0,0,1,0,0,0,0,0,0,0,0,0,0,0,0,0,0,0
"103",1,0,1,2016,6,9,15,"Thursday",FALSE,TRUE,8,"english","2","neutral","objective","Science","basic",0,0,0,0,0,0,0,0,0,0,0,0,0,0,0,0,0,0,0,1,0,0,0,0,0
"273",1,0,1,2016,12,9,7,"Friday",TRUE,FALSE,12,"english","2","neutral","subjective","Science","basic",0,0,0,0,0,0,1,0,0,0,0,0,0,0,0,0,0,0,0,0,0,0,0,0,0
"5",1,1,0,2016,2,18,19,"Thursday",FALSE,FALSE,9,"spanish","4","neutral","subjective","Science","advanced",0,0,0,0,0,0,0,0,0,0,0,0,0,0,0,0,0,0,0,0,0,0,0,0,0
"379",1,0,1,2017,2,6,20,"Monday",FALSE,FALSE,11,"spanish","4","neutral","subjective","Computers & Technology","advanced",0,0,0,0,0,0,0,0,0,0,0,0,0,0,0,0,0,0,0,0,0,0,0,0,0
"245",1,0,0,2016,11,18,7,"Friday",TRUE,FALSE,17,"spanish","6","neutral","subjective","Shopping","advanced",0,0,0,0,0,0,0,0,0,0,0,0,0,0,0,0,0,0,0,0,0,0,0,0,0
"350",1,0,1,2017,2,16,18,"Thursday",FALSE,FALSE,10,"english","5","neutral","subjective","Computers & Technology","basic",0,1,0,0,0,0,1,0,0,0,0,0,0,0,0,0,0,0,0,0,0,0,0,0,0
"381",1,0,1,2017,2,6,17,"Monday",FALSE,TRUE,13,"spanish","5","neutral","subjective","Arts","advanced",0,0,0,1,0,0,0,0,0,0,0,0,0,0,0,0,0,0,0,0,0,0,0,0,0
"58",1,0,1,2016,5,20,19,"Friday",TRUE,FALSE,10,"spanish","2","neutral","subjective","Computers & Technology","advanced",0,0,0,0,0,0,0,0,0,0,0,0,0,0,0,0,0,0,0,0,0,0,0,0,0
"327",1,0,1,2017,1,12,8,"Thursday",FALSE,FALSE,16,"spanish","4","neutral","subjective","Arts","basic",0,0,0,0,0,0,0,0,0,0,0,0,0,0,0,0,0,0,0,0,0,0,0,1,0
"274",1,1,0,2016,12,9,6,"Friday",TRUE,FALSE,3,"spanish","1","neutral","subjective","Science","advanced",0,0,0,0,0,0,0,0,0,0,0,0,0,0,0,0,0,0,0,0,0,0,0,0,0
"183",1,0,1,2016,9,26,6,"Monday",FALSE,FALSE,10,"spanish","2","positive","subjective","Computers & Technology","advanced",0,0,0,0,0,0,0,0,0,0,0,0,0,0,0,0,0,0,0,0,0,0,0,0,0
"223",1,0,0,2016,10,10,7,"Monday",FALSE,FALSE,9,"spanish","5","neutral","objective","Shopping","advanced",0,0,0,0,0,0,0,0,0,0,0,0,0,0,0,0,0,0,0,0,0,0,0,1,0
"293",1,1,0,2017,1,31,18,"Tuesday",FALSE,FALSE,15,"english","4","neutral","objective","Computers & Technology","advanced",0,1,0,0,0,0,0,0,0,0,0,0,0,0,0,0,1,0,0,1,0,0,0,0,0
"13",1,0,1,2016,2,10,17,"Wednesday",FALSE,TRUE,17,"english","3","positive","subjective","Computers & Technology","basic",0,0,0,0,0,0,0,0,0,1,0,0,0,0,0,0,0,0,0,0,0,0,0,0,0
"193",1,0,0,2016,9,12,5,"Monday",FALSE,FALSE,13,"spanish","4","positive","subjective","Recreation & Activities","basic",0,0,0,0,0,0,0,0,0,0,0,0,0,0,0,0,0,0,0,0,0,0,0,0,0
"1",1,0,0,2016,2,29,18,"Monday",FALSE,FALSE,17,"english","4","neutral","objective","Science","advanced",1,0,0,0,0,0,0,0,0,0,0,0,0,0,0,0,0,0,0,0,0,0,0,0,0
"243",1,0,1,2016,11,21,6,"Monday",FALSE,FALSE,10,"spanish","5","neutral","subjective","Recreation & Activities","advanced",0,0,0,0,0,0,0,0,0,0,0,0,0,0,0,0,0,0,0,0,0,0,0,0,0
"139",1,0,1,2016,7,14,7,"Thursday",FALSE,FALSE,4,"english","3","negative","subjective","Reference & Education","basic",0,0,0,0,0,0,0,0,1,0,0,0,0,1,0,0,0,0,0,0,0,0,0,0,0
"62",1,0,1,2016,5,16,17,"Monday",FALSE,TRUE,20,"spanish","2","neutral","subjective","Computers & Technology","basic",0,0,0,0,0,0,0,1,0,0,0,0,0,0,0,0,0,0,0,0,0,0,0,0,0
"272",1,0,1,2016,12,12,6,"Monday",FALSE,FALSE,9,"spanish","6","negative","subjective","Computers & Technology","basic",0,0,0,0,0,0,0,0,0,0,0,0,0,0,0,0,0,0,0,0,0,0,1,0,0
"120",1,0,0,2016,7,28,10,"Thursday",FALSE,TRUE,14,"spanish","5","positive","subjective","Health","advanced",0,0,0,0,0,0,0,0,0,0,0,0,0,0,0,0,0,0,0,2,0,0,0,0,0
"180",1,0,1,2016,9,30,6,"Friday",TRUE,FALSE,11,"english","2","neutral","objective","News","advanced",0,0,0,0,0,0,0,0,0,0,0,0,0,0,0,0,0,0,0,0,0,0,0,0,0
"113",1,0,1,2016,6,3,14,"Friday",TRUE,TRUE,11,"spanish","2","negative","subjective","Computers & Technology","advanced",0,0,0,0,0,0,0,0,0,0,0,0,0,0,0,0,0,0,0,0,0,0,0,0,0
"305",1,1,1,2017,1,25,19,"Wednesday",FALSE,FALSE,11,"english","6","neutral","objective","Science","basic",0,0,0,0,1,0,1,0,0,0,0,0,0,0,0,0,0,0,0,0,0,0,0,0,0
"391",1,0,1,2017,2,1,10,"Wednesday",FALSE,TRUE,16,"english","6","neutral","subjective","Business & Economy","advanced",0,0,0,0,0,0,1,0,0,0,0,0,0,0,0,1,0,0,0,0,0,0,0,0,0
"178",1,0,0,2016,8,1,11,"Monday",FALSE,TRUE,5,"english","1","neutral","objective","Science","basic",0,0,0,0,0,0,1,0,0,0,0,0,0,0,0,1,0,0,0,0,0,0,0,0,0
"218",1,0,1,2016,10,18,6,"Tuesday",FALSE,FALSE,10,"spanish","1","neutral","subjective","Computers & Technology","advanced",0,0,0,0,0,0,0,0,0,0,0,0,0,0,0,0,0,0,0,0,0,0,0,0,0
"45",1,1,0,2016,5,31,15,"Tuesday",FALSE,TRUE,9,"spanish","1","neutral","subjective","Business & Economy","advanced",0,0,0,0,0,0,0,0,0,0,0,0,0,0,0,0,0,0,0,0,0,0,0,0,0
"221",1,0,1,2016,10,13,6,"Thursday",FALSE,FALSE,8,"english","1","neutral","subjective","Science","advanced",0,0,0,0,0,0,1,0,0,0,0,0,0,0,0,0,0,0,0,0,1,0,0,0,0
"323",1,0,1,2017,1,16,7,"Monday",FALSE,FALSE,13,"spanish","4","neutral","subjective","Computers & Technology","intermediate",0,0,0,0,0,0,0,0,0,0,0,0,0,1,1,0,0,0,0,0,0,0,0,0,0
"387",1,1,0,2017,2,2,17,"Thursday",FALSE,TRUE,10,"spanish","5","positive","subjective","Recreation & Activities","advanced",0,0,0,0,0,0,0,0,0,0,0,0,0,0,0,0,0,0,0,0,0,0,0,0,0
"284",1,0,1,2016,12,5,8,"Monday",FALSE,FALSE,17,"spanish","4","neutral","subjective","Science","advanced",0,0,0,0,0,0,0,0,0,0,0,0,0,0,0,0,0,0,0,0,0,0,0,0,0
"262",1,0,1,2016,11,1,6,"Tuesday",FALSE,FALSE,8,"spanish","6","neutral","subjective","Science","advanced",0,0,0,0,0,0,0,0,0,0,0,1,0,0,0,0,0,0,0,0,0,0,0,0,0
"204",0,0,0,2016,9,2,8,"Friday",TRUE,FALSE,22,"spanish","1","positive","subjective","News","advanced",0,0,0,0,0,0,0,0,0,0,0,0,0,0,0,0,0,0,0,0,0,0,0,0,0
"220",1,0,1,2016,10,14,6,"Friday",TRUE,FALSE,9,"english","1","positive","objective","Home & Domestic Life","basic",0,0,0,0,0,0,0,0,0,0,0,0,0,0,0,0,0,0,0,0,0,0,0,0,0
"186",1,0,0,2016,9,20,5,"Tuesday",FALSE,FALSE,6,"english","2","positive","objective","Reference & Education","advanced",0,0,0,0,0,0,0,0,0,0,0,0,0,1,0,0,0,0,0,0,0,0,0,0,0
"20",1,1,0,2016,3,16,20,"Wednesday",FALSE,FALSE,12,"spanish","4","neutral","objective","Arts","intermediate",0,0,0,0,0,0,0,0,0,0,0,0,0,0,0,0,0,0,0,0,0,0,0,0,0
"252",1,0,0,2016,11,11,6,"Friday",TRUE,FALSE,14,"spanish","6","neutral","subjective","Science","advanced",0,0,0,0,0,0,0,0,0,0,0,0,0,0,0,0,0,0,0,0,0,0,0,0,0
"229",1,0,1,2016,10,5,6,"Wednesday",FALSE,FALSE,12,"english","3","neutral","subjective","Computers & Technology","advanced",0,0,0,0,1,0,1,0,0,0,0,0,0,0,0,0,0,0,0,0,0,0,0,0,0
"313",1,0,1,2017,1,23,17,"Monday",FALSE,TRUE,7,"english","4","negative","subjective","Home & Domestic Life","basic",0,0,0,0,0,0,0,0,0,0,0,0,0,0,0,0,0,0,0,0,0,0,0,0,0
"251",1,0,1,2016,11,14,6,"Monday",FALSE,FALSE,11,"english","6","neutral","objective","Computers & Technology","advanced",1,0,0,0,0,0,1,0,0,0,0,0,0,0,0,0,0,0,0,1,0,0,0,0,1
"17",0,0,0,2016,3,24,15,"Thursday",FALSE,TRUE,4,"english","1","positive","objective","Science","basic",0,0,0,0,0,0,0,0,0,0,0,0,0,0,0,0,0,0,0,0,0,0,0,0,0
"253",1,0,0,2016,11,10,6,"Thursday",FALSE,FALSE,7,"english","6","positive","objective","Science","basic",0,0,0,0,0,0,0,0,0,0,0,0,0,0,0,0,0,0,0,0,0,0,0,0,0
"100",1,0,1,2016,6,10,16,"Friday",TRUE,TRUE,14,"spanish","2","negative","subjective","Computers & Technology","advanced",0,0,0,0,0,0,0,0,0,0,0,0,0,0,0,0,0,0,0,0,0,0,0,0,0
